"","soil_ID","treatment","total_dry_weight","meanC","diff","equation1","equation2","BRI"
"1","F01","IF",959.56,805.18125,154.37875,16.0884936846054,19.173167532155,16.0884936846054
"2","F01","IF",884.64,805.18125,79.45875,8.98204354313619,9.86843024474304,8.98204354313619
"3","F01","IF",804.66,805.18125,-0.521249999999895,-0.0647789128327414,-0.0647369769228856,-0.0647369769228856
"4","F01","IF",733.28,805.18125,-71.90125,-9.80542903120227,-8.9298217016355,-8.9298217016355
"5","F01","IF",1035.55,805.18125,230.36875,22.2460286804114,28.6107941534903,22.2460286804114
"6","F01","IF",936.37,805.18125,131.18875,14.0103538131294,16.2930706595565,14.0103538131294
"7","F01","IF",649.38,805.18125,-155.80125,-23.9923080476762,-19.3498358288895,-19.3498358288895
"8","F01","IF",866.02,805.18125,60.83875,7.02509757280433,7.55590744319989,7.02509757280433
"9","F04","IF",476.94,390.733542857143,86.2064571428572,18.0749060978021,22.0627224661834,18.0749060978021
"10","F04","IF",581.44,390.733542857143,190.706457142857,32.7989916660115,48.8072909605772,32.7989916660115
"11","F04","IF",479.38,390.733542857143,88.6464571428572,18.4918972720717,22.6871889458611,18.4918972720717
"12","F04","IF",595.0758,390.733542857143,204.342257142857,34.3388618967293,52.2970860522121,34.3388618967293
"13","F04","IF",475.9423,390.733542857143,85.2087571428572,17.9031695948978,21.8073822175054,17.9031695948978
"14","F04","IF",460.4844,390.733542857143,69.7508571428572,15.1472790702263,17.8512591043045,15.1472790702263
"15","F05","IF",752.81,898.69375,-145.88375,-19.3785616556635,-16.2328657565494,-16.2328657565494
"16","F05","IF",898.34,898.69375,-0.353749999999991,-0.0393781864327591,-0.0393626861208252,-0.0393626861208252
"17","F05","IF",806.03,898.69375,-92.66375,-11.4963152736251,-10.3109374022018,-10.3109374022018
"18","F05","IF",820.77,898.69375,-77.92375,-9.49398126149836,-8.67077911691274,-8.67077911691274
"19","F05","IF",939.75,898.69375,41.05625,4.36884809789837,4.56843613299858,4.36884809789837
"20","F05","IF",952.52,898.69375,53.82625,5.65093121404274,5.98938737473138,5.65093121404274
"21","F05","IF",744.56,898.69375,-154.13375,-20.701320242828,-17.1508647968232,-17.1508647968232
"22","F05","IF",802.67,898.69375,-96.0237500000001,-11.9630420970013,-10.6848133749678,-10.6848133749678
"23","F09","IF",350.86,425.225,-74.365,-21.1950635581144,-17.4883885002058,-17.4883885002058
"24","F09","IF",389.86,425.225,-35.365,-9.07120504796595,-8.31677347286731,-8.31677347286731
"25","F09","IF",383.09,425.225,-42.135,-10.9987209271973,-9.90887177376684,-9.90887177376684
"26","F09","IF",480.78,425.225,55.555,11.5551811639419,13.0648480216356,11.5551811639419
"27","F09","IF",444.31,425.225,19.085,4.29542436587067,4.48821212299371,4.29542436587067
"28","F09","IF",506.71,425.225,81.485,16.0811904245032,19.1627961667352,16.0811904245032
"29","F09","IF",655.5,425.225,230.275,35.1296720061022,54.1536833441119,35.1296720061022
"30","F09","IF",363.77,425.225,-61.455,-16.8939164856915,-14.4523487565407,-14.4523487565407
"31","F10","IF",504.48,490.356666666667,14.1233333333333,2.7995824082884,2.88021644109391,2.7995824082884
"32","F10","IF",545.69,490.356666666667,55.3333333333334,10.1400673153866,11.2843032622513,10.1400673153866
"33","F10","IF",483.24,490.356666666667,-7.11666666666667,-1.47269817619955,-1.4513245460787,-1.4513245460787
"34","F10","IF",571.35,490.356666666667,80.9933333333333,14.1757825034276,16.5172289557941,14.1757825034276
"35","F10","IF",502.94,490.356666666667,12.5833333333334,2.50195517026551,2.56615932620474,2.50195517026551
"36","F10","IF",532.05,490.356666666667,41.6933333333333,7.83635623218368,8.50265453037584,7.83635623218368
"37","F11","IF",695.5,708.21,-12.71,-1.82746225736881,-1.79466542409737,-1.79466542409737
"38","F11","IF",731.31,708.21,23.0999999999999,3.158715182344,3.26174439784808,3.158715182344
"39","F11","IF",736.53,708.21,28.3199999999999,3.84505722781149,3.99881391112804,3.84505722781149
"40","F11","IF",753.8,708.21,45.5899999999999,6.04802334836826,6.437356151424,6.04802334836826
"41","F11","IF",834.5,708.21,126.29,15.1336129418814,17.8322813854648,15.1336129418814
"42","F11","IF",675.29,708.21,-32.9200000000001,-4.87494261724593,-4.64833876957401,-4.64833876957401
"43","F11","IF",672.87,708.21,-35.34,-5.25212894021134,-4.99004532553904,-4.99004532553904
"44","F11","IF",755.37,708.21,47.16,6.24329798641725,6.65904180963273,6.24329798641725
"45","F16","IF",842.57,787.365,55.2049999999999,6.551977877209,7.01136067770347,6.551977877209
"46","F16","IF",959.29,787.365,171.925,17.9221090598255,21.835489258476,17.9221090598255
"47","F16","IF",767.71,787.365,-19.655,-2.56021153821104,-2.49630095317928,-2.49630095317928
"48","F16","IF",832.9,787.365,45.535,5.46704286228838,5.78321363027312,5.46704286228838
"49","F16","IF",899.1,787.365,111.735,12.4274274274274,14.1910041721438,12.4274274274274
"50","F16","IF",878.81,787.365,91.4449999999999,10.4055484120572,11.6140544728303,10.4055484120572
"51","F16","IF",1111.75,787.365,324.385,29.1778727231842,41.1988086846634,29.1778727231842
"52","F16","IF",917.51,787.365,130.145,14.1845865440159,16.5291827805402,14.1845865440159
"53","F19","IF",736.71,622.26,114.45,15.5352852547135,18.3926333044065,15.5352852547135
"54","F19","IF",766.32,622.26,144.06,18.7989351706859,23.1510943978401,18.7989351706859
"55","F19","IF",1056.58,622.26,434.32,41.1062106040243,69.7971908848391,41.1062106040243
"56","F19","IF",648.02,622.26,25.76,3.9751859510509,4.13974865811719,3.9751859510509
"57","F19","IF",915.19,622.26,292.93,32.00756127143,47.0751775785042,32.00756127143
"58","F19","IF",1010.52,622.26,388.26,38.4218026362665,62.3951402950535,38.4218026362665
"59","F19","IF",1056.63,622.26,434.37,41.1089974730984,69.8052261112718,41.1089974730984
"60","F19","IF",735.28,622.26,113.02,15.3710151234904,18.1628258284318,15.3710151234904
"61","F21","IF",1074.55,782.71,291.84,27.1592759759899,37.2858402217935,27.1592759759899
"62","F21","IF",959.9,782.71,177.19,18.4592145015106,22.6380140792886,18.4592145015106
"63","F21","IF",955.53,782.71,172.82,18.0862976567978,22.0796974613842,18.0862976567978
"64","F21","IF",692.81,782.71,-89.9000000000001,-12.9761406446212,-11.4857354575769,-11.4857354575769
"65","F21","IF",1005.14,782.71,222.43,22.1292556260819,28.4179325676176,22.1292556260819
"66","F21","IF",854.16,782.71,71.4499999999999,8.3649433361431,9.12854058335781,8.3649433361431
"67","F21","IF",824.21,782.71,41.5,5.03512454350227,5.30209145149545,5.03512454350227
"68","F21","IF",743.25,782.71,-39.46,-5.30911537167844,-5.0414585223135,-5.0414585223135
"69","F22","IF",446.76,601.89875,-155.13875,-34.7252999373265,-25.7748915411438,-25.7748915411438
"70","F22","IF",390.91,601.89875,-210.98875,-53.9737407587425,-35.0538608030005,-35.0538608030005
"71","F22","IF",540.65,601.89875,-61.2487500000001,-11.3287246832517,-10.1759224454279,-10.1759224454279
"72","F22","IF",518.85,601.89875,-83.04875,-16.006312036234,-13.797794064201,-13.797794064201
"73","F22","IF",698.5,601.89875,96.6012499999999,13.8298138869005,16.0494186106882,13.8298138869005
"74","F22","IF",866.24,601.89875,264.34125,30.5159366919099,43.9178931672478,30.5159366919099
"75","F22","IF",627.35,601.89875,25.45125,4.05694588347811,4.22849357969259,4.05694588347811
"76","F22","IF",660.98,601.89875,59.08125,8.93843232775575,9.81581204479989,8.93843232775575
"77","F23","IF",654.98,697.085714285714,-42.1057142857143,-6.42854961765462,-6.04024920075416,-6.04024920075416
"78","F23","IF",647.96,697.085714285714,-49.1257142857143,-7.58159674759464,-7.04729895893106,-7.04729895893106
"79","F23","IF",320.06,697.085714285714,-377.025714285714,-117.798448505191,-54.0859906549717,-54.0859906549717
"80","F23","IF",718.53,697.085714285714,21.4442857142857,2.98446630123804,3.0762767439954,2.98446630123804
"81","F23","IF",633.74,697.085714285714,-63.3457142857143,-9.99553670049458,-9.08722026395606,-9.08722026395606
"82","F23","IF",523.23,697.085714285714,-173.855714285714,-33.2273979484575,-24.9403639642594,-24.9403639642594
"83","F23","IF",601.64,697.085714285714,-95.4457142857142,-15.864256745847,-13.6921059103205,-13.6921059103205
"84","F23","IF",438.31,697.085714285714,-258.775714285714,-59.0394274111278,-37.1225100418067,-37.1225100418067
"85","F29","IF",573.41,657.961111111111,-84.5511111111111,-14.7453150644584,-12.8504724190048,-12.8504724190048
"86","F29","IF",751.86,657.961111111111,93.8988888888889,12.4888794308633,14.2711913064771,12.4888794308633
"87","F29","IF",575.27,657.961111111111,-82.6911111111111,-14.3743131244652,-12.5677809394341,-12.5677809394341
"88","F29","IF",823.98,657.961111111111,166.018888888889,20.1484124479828,25.2323254498324,20.1484124479828
"89","F29","IF",727.47,657.961111111111,69.5088888888889,9.55488046089721,10.5642852921061,9.55488046089721
"90","F29","IF",742.43,657.961111111111,84.468888888889,11.37735394433,12.8379759019868,11.37735394433
"91","F29","IF",823.16,657.961111111111,165.198888888889,20.0688673998845,25.107698023355,20.0688673998845
"92","F31","IF",672.87,453.31,219.56,32.6303743665195,48.4348459111866,32.6303743665195
"93","F31","IF",654,453.31,200.69,30.6865443425076,44.2721316538351,30.6865443425076
"94","F31","IF",427.24,453.31,-26.07,-6.10195674562306,-5.75103130308178,-5.75103130308178
"95","F31","IF",337.49,453.31,-115.82,-34.3180538682628,-25.5498444772893,-25.5498444772893
"96","F31","IF",342.17,453.31,-111.14,-32.4809305316071,-24.5174383975646,-24.5174383975646
"97","F31","IF",351.41,453.31,-101.9,-28.9974673458354,-22.4790981888774,-22.4790981888774
"98","F31","IF",300.16,453.31,-153.15,-51.0227878464819,-33.7848271602215,-33.7848271602215
"99","F31","IF",358.83,453.31,-94.48,-26.3300169996934,-20.8422492334164,-20.8422492334164
"100","F33","IF",547.74,519.6775,28.0625,5.12332493518822,5.39998364370211,5.12332493518822
"101","F33","IF",536.07,519.6775,16.3925,3.05790288581715,3.15436015605832,3.05790288581715
"102","F33","IF",328.65,519.6775,-191.0275,-58.1249049140423,-36.7588552515743,-36.7588552515743
"103","F33","IF",570.3,519.6775,50.6224999999999,8.87646852533753,9.74113753241193,8.87646852533753
"104","F33","IF",540.54,519.6775,20.8625,3.85956635956635,4.01450899836917,3.85956635956635
"105","F33","IF",576.06,519.6775,56.3824999999999,9.78760892962538,10.8495172486783,9.78760892962538
"106","F33","IF",440.19,519.6775,-79.4875,-18.0575433335605,-15.2955438709584,-15.2955438709584
"107","F33","IF",793.53,519.6775,273.8525,34.5106675235971,52.6966243487548,34.5106675235971
"108","F34","IF",497.02,690.13625,-193.11625,-38.854824755543,-27.9823368211712,-27.9823368211712
"109","F34","IF",707.29,690.13625,17.1537499999999,2.42527817444046,2.48555991661066,2.42527817444046
"110","F34","IF",694.99,690.13625,4.85374999999999,0.698391343760341,0.70330315209497,0.698391343760341
"111","F34","IF",830.57,690.13625,140.43375,16.9081173170232,20.3486992604721,16.9081173170232
"112","F34","IF",496.35,690.13625,-193.78625,-39.0422584869548,-28.0794191002139,-28.0794191002139
"113","F34","IF",735.63,690.13625,45.49375,6.18432500033984,6.591995421194,6.18432500033984
"114","F34","IF",745.46,690.13625,55.32375,7.42142435543155,8.01635184356713,7.42142435543155
"115","F34","IF",970.07,690.13625,279.93375,28.8570670157824,40.5620991507112,28.8570670157824
"116","F36","IF",513.52,559.935714285714,-46.4157142857143,-9.03873545055973,-8.28947200571495,-8.28947200571495
"117","F36","IF",863.81,559.935714285714,303.874285714286,35.1783709049774,54.2694952226659,35.1783709049774
"118","F36","IF",595.3,559.935714285714,35.3642857142856,5.94058217945332,6.31577604571951,5.94058217945332
"119","F36","IF",595.69,559.935714285714,35.7542857142856,6.00216315773063,6.38542689849599,6.00216315773063
"120","F36","IF",476.7276,559.935714285714,-83.2081142857143,-17.4540165674725,-14.8602977382608,-14.8602977382608
"121","F36","IF",611.83,559.935714285714,51.8942857142857,8.4818145096327,9.26790065186054,8.4818145096327
"122","F36","IF",794.444,559.935714285714,234.508285714286,29.5185419883951,41.8812873926854,29.5185419883951
"123","F37","IF",454.86,436.88875,17.97125,3.95094094886339,4.11346137889794,3.95094094886339
"124","F37","IF",652.9,436.88875,216.01125,33.0848904885894,49.4430790447225,33.0848904885894
"125","F37","IF",490.93,436.88875,54.04125,11.007933921333,12.3695677675381,11.007933921333
"126","F37","IF",527.17,436.88875,90.2812500000001,17.1256425820893,20.6645856639705,17.1256425820893
"127","F37","IF",459.48,436.88875,22.59125,4.91669931226604,5.17093882595969,4.91669931226604
"128","F37","IF",337.52,436.88875,-99.36875,-29.4408479497511,-22.7446346466921,-22.7446346466921
"129","F37","IF",625.24,436.88875,188.35125,30.1246321412578,43.1119478356904,30.1246321412578
"130","F37","IF",326.58,436.88875,-110.30875,-33.7769459244289,-25.2487046187387,-25.2487046187387
"131","F48","IF",835.3195,777.024285714286,58.2952142857142,6.97879246033575,7.50236708909631,6.97879246033575
"132","F48","IF",774.261,777.024285714286,-2.76328571428576,-0.356893310432249,-0.355624111767061,-0.355624111767061
"133","F48","IF",1065.1937,777.024285714286,288.169414285714,27.053240578283,37.086281546633,27.053240578283
"134","F48","IF",1550.54647,777.024285714286,773.522184285714,49.8870688013442,99.5492931825995,49.8870688013442
"135","F48","IF",1063.97795275591,777.024285714286,286.95366704162,26.9698884547706,36.9298196101857,26.9698884547706
"136","F48","IF",707.87,777.024285714286,-69.1542857142857,-9.76934828630762,-8.89988729898128,-8.89988729898128
"137","F48","IF",1236.77,777.024285714286,459.745714285714,37.1730972036607,59.1674832741025,37.1730972036607
"138","F48","IF",946.2608,777.024285714286,169.236514285714,17.8847643573224,21.7800804166812,17.8847643573224
"139","F52","IF",660.04,993.20875,-333.16875,-50.4770544209442,-33.5446853443448,-33.5446853443448
"140","F52","IF",675.54,993.20875,-317.66875,-47.0244175030346,-31.9840869303659,-31.9840869303659
"141","F52","IF",727.95,993.20875,-265.25875,-36.4391441719898,-26.7072506157442,-26.7072506157442
"142","F52","IF",700.44,993.20875,-292.76875,-41.7978342184912,-29.4770610911352,-29.4770610911352
"143","F52","IF",923.01,993.20875,-70.19875,-7.6054159759916,-7.06787470408411,-7.06787470408411
"144","F52","IF",949.5,993.20875,-43.70875,-4.60334386519221,-4.4007616727098,-4.4007616727098
"145","F52","IF",881.53,993.20875,-111.67875,-12.6687407121709,-11.244237427429,-11.244237427429
"146","F52","IF",631.21,993.20875,-361.99875,-57.3499706912121,-36.4473983943456,-36.4473983943456
"147","F53","IF",608.76,471.262228571429,137.497771428571,22.586531872753,29.176488819267,22.586531872753
"148","F53","IF",597.2,471.262228571429,125.937771428571,21.0880394220649,26.7235020744896,21.0880394220649
"149","F53","IF",632.2393,471.262228571429,160.977071428571,25.461414914981,34.1587043622301,25.461414914981
"150","F53","IF",531.3815,471.262228571429,60.1192714285714,11.3137682490962,12.7570740415194,11.3137682490962
"151","F53","IF",532.5815,471.262228571429,61.3192714285714,11.5135939623459,13.0117093437454,11.5135939623459
"152","F53","IF",592.3968,471.262228571429,121.134571428571,20.4482150188136,25.7042818381128,20.4482150188136
"153","F57","IF",1391,1023.2925,367.7075,26.4347591660676,35.9337628292986,26.4347591660676
"154","F57","IF",572.33,1023.2925,-450.9625,-78.794139744553,-44.0697552263893,-44.0697552263893
"155","F57","IF",674.1,1023.2925,-349.1925,-51.8012906097018,-34.124407244263,-34.124407244263
"156","F57","IF",1091.43,1023.2925,68.1375,6.24295648827685,6.6586533175998,6.24295648827685
"157","F57","IF",1108.19,1023.2925,84.8975,7.66091554697299,8.29650368785073,7.66091554697299
"158","F57","IF",1488.21,1023.2925,464.9175,31.2400467675933,45.4334904242922,31.2400467675933
"159","F57","IF",953.74,1023.2925,-69.5525,-7.2926059513075,-6.79693245088769,-6.79693245088769
"160","F61","IF",459.76,355.742857142857,104.017142857143,22.6242263044073,29.2394185206007,22.6242263044073
"161","F61","IF",351.3003,355.742857142857,-4.44255714285714,-1.26460385683052,-1.24881134045458,-1.24881134045458
"162","F61","IF",443.1522,355.742857142857,87.4093428571429,19.7244519731918,24.5709340615212,19.7244519731918
"163","F61","IF",312.1108,355.742857142857,-43.6320571428571,-13.9796691248291,-12.2650550156614,-12.2650550156614
"164","F61","IF",290.0556,355.742857142857,-65.6872571428571,-22.6464364566163,-18.4648140711589,-18.4648140711589
"165","F61","IF",331.66,355.742857142857,-24.0828571428572,-7.26130891360344,-6.76973737049233,-6.76973737049233
"166","F61","IF",280.11,355.742857142857,-75.6328571428571,-27.0011271082279,-21.2605413219822,-21.2605413219822
"167","F61","IF",322.71,355.742857142857,-33.0328571428571,-10.2360810457863,-9.28559955023691,-9.28559955023691
"168","F62","IF",1307.38,1254.18594,53.1940599999998,4.068752772721,4.2413216655897,4.068752772721
"169","F62","IF",1235.23,1254.18594,-18.9559400000001,-1.53460812966006,-1.5114138498475,-1.5114138498475
"170","F62","IF",985.05,1254.18594,-269.13594,-27.3220587787422,-21.4590142830018,-21.4590142830018
"171","F62","IF",1397.22,1254.18594,143.03406,10.2370464207498,11.4045338444792,10.2370464207498
"172","F62","IF",1588.47,1254.18594,334.28406,21.0444049934843,26.6534689425716,21.0444049934843
"173","F62","IF",1338.63,1254.18594,84.44406,6.30824499675041,6.73297772736952,6.30824499675041
"174","F62","IF",1525.88,1254.18594,271.69406,17.8057291530133,21.6629808495541,17.8057291530133
"175","F63","IF",1303.59,1250.03285714286,53.5571428571427,4.10843461956157,4.28445880851132,4.10843461956157
"176","F63","IF",1298.13,1250.03285714286,48.0971428571429,3.70510987783527,3.84767028980952,3.70510987783527
"177","F63","IF",1665.63,1250.03285714286,415.597142857143,24.9513483100774,33.2468975101226,24.9513483100774
"178","F63","IF",1428.3,1250.03285714286,178.267142857143,12.4810714035667,14.2609965680902,12.4810714035667
"179","F63","IF",1301.99,1250.03285714286,51.9571428571428,3.99059461725073,4.1564621729943,3.99059461725073
"180","F63","IF",1296.07,1250.03285714286,46.037142857143,3.55205682232772,3.68287462158139,3.55205682232772
"181","F63","IF",1373.84,1250.03285714286,123.807142857143,9.01175849131943,9.90431108668002,9.01175849131943
"182","F63","IF",1028.89,1250.03285714286,-221.142857142857,-21.4933430340325,-17.6909635518152,-17.6909635518152
"183","F64","IF",425.73,317.8018125,107.9281875,25.3513230216334,33.9608470609336,25.3513230216334
"184","F64","IF",371.48,317.8018125,53.6781875,14.4498189673737,16.8904598365058,14.4498189673737
"185","F64","IF",323.77,317.8018125,5.96818749999994,1.84334172406336,1.87795892447906,1.84334172406336
"186","F64","IF",422.6,317.8018125,104.7981875,24.7984352815901,32.9759565169251,24.7984352815901
"187","F64","IF",487.35,317.8018125,169.5481875,34.7898199445983,53.3502896557583,34.7898199445983
"188","F64","IF",414.36,317.8018125,96.5581875,23.3029702432667,30.383145627906,23.3029702432667
"189","F64","IF",377.06,317.8018125,59.2581874999999,15.7158509255821,18.6462710938755,15.7158509255821
"190","F64","IF",403.33,317.8018125,85.5281875,21.2055109959586,26.9124291102021,21.2055109959586
"191","F01","I",501.7,510.555,-8.85499999999996,-1.76499900338847,-1.73438708856049,-1.73438708856049
"192","F01","I",444.67,510.555,-65.885,-14.8166055726719,-12.9045842269687,-12.9045842269687
"193","F01","I",362.8,510.555,-147.755,-40.7262954796031,-28.9400750164037,-28.9400750164037
"194","F01","I",573.7,510.555,63.145,11.0066236709081,12.3679133491984,11.0066236709081
"195","F01","I",453.48,510.555,-57.075,-12.5860015877216,-11.1790110761818,-11.1790110761818
"196","F01","I",507.85,510.555,-2.70499999999998,-0.532637589839524,-0.529815592835248,-0.529815592835248
"197","F01","I",542.1,510.555,31.545,5.81903707802989,6.17857037929312,5.81903707802989
"198","F01","I",440.22,510.555,-70.335,-15.9772386534006,-13.7761847401357,-13.7761847401357
"199","F04","I",320.624,283.411428571429,37.2125714285714,11.6062962936559,13.130229650987,11.6062962936559
"200","F04","I",258.79,283.411428571429,-24.6214285714286,-9.51405717818639,-8.68752142266669,-8.68752142266669
"201","F04","I",192.31,283.411428571429,-91.1014285714286,-47.3721743910502,-32.1445853579854,-32.1445853579854
"202","F04","I",288.56,283.411428571429,5.14857142857142,1.78422907837934,1.81664213561303,1.78422907837934
"203","F04","I",405.78,283.411428571429,122.368571428571,30.1563831210438,43.1770066737907,30.1563831210438
"204","F04","I",221.45,283.411428571429,-61.9614285714286,-27.9798729155243,-21.8627134705728,-21.8627134705728
"205","F05","I",510.68,688.13875,-177.45875,-34.749500665779,-25.7882222153599,-25.7882222153599
"206","F05","I",501.31,688.13875,-186.82875,-37.2681075581975,-27.1498662152073,-27.1498662152073
"207","F05","I",645.42,688.13875,-42.71875,-6.61875213039571,-6.20786868927233,-6.20786868927233
"208","F05","I",456.74,688.13875,-231.39875,-50.6631234400315,-33.6267576851325,-33.6267576851325
"209","F05","I",628.05,688.13875,-60.0887500000001,-9.56751054852323,-8.73206893231926,-8.73206893231926
"210","F05","I",635.73,688.13875,-52.4087500000001,-8.24386925267018,-7.61601493884774,-7.61601493884774
"211","F05","I",594.57,688.13875,-93.5687500000001,-15.7372134483745,-13.5973668101092,-13.5973668101092
"212","F05","I",678.75,688.13875,-9.38875000000007,-1.38324125230203,-1.36436874104242,-1.36436874104242
"213","F09","I",310.43,388.61875,-78.18875,-25.1872402796121,-20.1196545457469,-20.1196545457469
"214","F09","I",557.12,388.61875,168.50125,30.2450549253303,43.3590118850416,30.2450549253303
"215","F09","I",361.28,388.61875,-27.33875,-7.56719165190434,-7.03485099470883,-7.03485099470883
"216","F09","I",328.1,388.61875,-60.51875,-18.4452148735142,-15.5727818073626,-15.5727818073626
"217","F09","I",375.27,388.61875,-13.34875,-3.55710555067019,-3.43492175814986,-3.43492175814986
"218","F09","I",485.04,388.61875,96.42125,19.8790305954148,24.8112706862446,19.8790305954148
"219","F09","I",302.44,388.61875,-86.17875,-28.4944947758233,-22.1756541597645,-22.1756541597645
"220","F09","I",380.09,388.61875,-8.52875,-2.24387645031441,-2.19463162804162,-2.19463162804162
"221","F10","I",357.83,313.00625,44.82375,12.5265489198782,14.3204009504603,12.5265489198782
"222","F10","I",308.65,313.00625,-4.35625000000005,-1.4113883039041,-1.39174537249657,-1.39174537249657
"223","F10","I",295.18,313.00625,-17.82625,-6.0391117284369,-5.69517381841418,-5.69517381841418
"224","F10","I",350.76,313.00625,37.75375,10.7634137301859,12.0616601106208,10.7634137301859
"225","F10","I",322.43,313.00625,9.42374999999998,2.9227274137022,3.01072262934046,2.9227274137022
"226","F10","I",331.28,313.00625,18.27375,5.51610420188359,5.8381422096204,5.51610420188359
"227","F10","I",450.25,313.00625,137.24375,30.4816768461965,43.8469679119826,30.4816768461965
"228","F11","I",410.06,471.73,-61.67,-15.0392625469443,-13.0731562546372,-13.0731562546372
"229","F11","I",343.07,471.73,-128.66,-37.502550499898,-27.274076272444,-27.274076272444
"230","F11","I",495.41,471.73,23.68,4.77987929189964,5.01982066012339,4.77987929189964
"231","F11","I",433.72,471.73,-38.01,-8.76371852808264,-8.05757530790918,-8.05757530790918
"232","F11","I",398.23,471.73,-73.5,-18.4566707681491,-15.5809467280012,-15.5809467280012
"233","F11","I",409.76,471.73,-61.97,-15.1234869191722,-13.1367519555678,-13.1367519555678
"234","F11","I",394.21,471.73,-77.52,-19.6646457471906,-16.4331291204715,-16.4331291204715
"235","F11","I",388.72,471.73,-83.01,-21.3547026137065,-17.5969304475017,-17.5969304475017
"236","F16","I",729.32,639.02625,90.2937499999999,12.3805394065705,14.1298968547849,12.3805394065705
"237","F16","I",669.63,639.02625,30.6037499999999,4.57024774875676,4.78912251257282,4.57024774875676
"238","F16","I",499.92,639.02625,-139.10625,-27.825702112338,-21.7684719524433,-21.7684719524433
"239","F16","I",721.73,639.02625,82.70375,11.4590982777493,12.9421522198814,11.4590982777493
"240","F16","I",642.44,639.02625,3.41375000000005,0.531372579540512,0.534211231541759,0.531372579540512
"241","F16","I",485.69,639.02625,-153.33625,-31.5708064815005,-23.9952975327696,-23.9952975327696
"242","F16","I",613.21,639.02625,-25.81625,-4.21001777531351,-4.03993576163733,-4.03993576163733
"243","F16","I",580.36,639.02625,-58.66625,-10.1085963884485,-9.18056965578488,-9.18056965578488
"244","F19","I",521.83,490.19,31.64,6.06327731253474,6.45464003753646,6.06327731253474
"245","F19","I",362.63,490.19,-127.56,-35.1763505501475,-26.0225626797772,-26.0225626797772
"246","F19","I",340.8,490.19,-149.39,-43.8350938967136,-30.47593790163,-30.47593790163
"247","F19","I",401.31,490.19,-88.88,-22.1474670454262,-18.1317448336359,-18.1317448336359
"248","F19","I",549.67,490.19,59.48,10.8210380773919,12.1340704624737,10.8210380773919
"249","F19","I",527.5,490.19,37.31,7.07298578199053,7.61133438054631,7.07298578199053
"250","F19","I",648.49,490.19,158.3,24.4105537479375,32.2936004406455,24.4105537479375
"251","F19","I",592.32,490.19,102.13,17.2423689897353,20.8347783512516,17.2423689897353
"252","F21","I",613.67,532.50875,81.16125,13.225552821549,15.2412988518968,13.225552821549
"253","F21","I",647.87,532.50875,115.36125,17.8062342753948,21.6637285302824,17.8062342753948
"254","F21","I",733.49,532.50875,200.98125,27.4006803092067,37.7423375672231,27.4006803092067
"255","F21","I",634.34,532.50875,101.83125,16.0531024371788,19.1229252101491,16.0531024371788
"256","F21","I",657.91,532.50875,125.40125,19.0605477952911,23.5491435586739,19.0605477952911
"257","F21","I",630.72,532.50875,98.2112500000001,15.5712915398275,18.4431241740159,15.5712915398275
"258","F21","I",741.98,532.50875,209.47125,28.2313876384808,39.3366775663311,28.2313876384808
"259","F21","I",556.31,532.50875,23.8012500000001,4.27841491254878,4.46964486499051,4.27841491254878
"260","F22","I",624.36,571.85875,52.50125,8.40881062207701,9.18080732348678,8.40881062207701
"261","F22","I",556.68,571.85875,-15.1787499999999,-2.72665624775452,-2.65428307252445,-2.65428307252445
"262","F22","I",380.95,571.85875,-190.90875,-50.1138600866256,-33.3838994332079,-33.3838994332079
"263","F22","I",478.68,571.85875,-93.17875,-19.4657704520765,-16.2940149118991,-16.2940149118991
"264","F22","I",468.35,571.85875,-103.50875,-22.100725952813,-18.1004050388317,-18.1004050388317
"265","F22","I",417.7,571.85875,-154.15875,-36.9065717021786,-26.9574873165795,-26.9574873165795
"266","F22","I",520.24,571.85875,-51.61875,-9.92210326003382,-9.02648599850925,-9.02648599850925
"267","F22","I",514.47,571.85875,-57.38875,-11.1549264291407,-10.0354764179091,-10.0354764179091
"268","F23","I",390.46,446.35125,-55.89125,-14.3142063207499,-12.5218087772802,-12.5218087772802
"269","F23","I",372.13,446.35125,-74.22125,-19.9449789052213,-16.6284400458159,-16.6284400458159
"270","F23","I",364.26,446.35125,-82.09125,-22.5364437489705,-18.3916254295244,-18.3916254295244
"271","F23","I",408.83,446.35125,-37.52125,-9.17771445344029,-8.40621595660367,-8.40621595660367
"272","F23","I",417.11,446.35125,-29.24125,-7.01044089089209,-6.55117466345171,-6.55117466345171
"273","F23","I",380.15,446.35125,-66.20125,-17.4145074312771,-14.8316488415793,-14.8316488415793
"274","F23","I",444.84,446.35125,-1.51125000000008,-0.339728891286772,-0.338578641820775,-0.338578641820775
"275","F23","I",448.9,446.35125,2.54875000000004,0.567776787703289,0.571018900473574,0.567776787703289
"276","F29","I",738.33,489.0425,249.2875,33.7636964500968,50.974608546292,33.7636964500968
"277","F29","I",384,489.0425,-105.0425,-27.3548177083333,-21.4792170414637,-21.4792170414637
"278","F29","I",328.89,489.0425,-160.1525,-48.6948523822555,-32.7481762832474,-32.7481762832474
"279","F29","I",338.65,489.0425,-150.3925,-44.4094197549092,-30.7524397163846,-30.7524397163846
"280","F29","I",375.45,489.0425,-113.5925,-30.2550273005727,-23.2275313495248,-23.2275313495248
"281","F29","I",390.08,489.0425,-98.9625,-25.3697959392945,-20.2359713112869,-20.2359713112869
"282","F29","I",371,489.0425,-118.0425,-31.817385444744,-24.1374727145391,-24.1374727145391
"283","F29","I",344.52,489.0425,-144.5225,-41.9489434575642,-29.5521350393882,-29.5521350393882
"284","F31","I",343.48,494.035,-150.555,-43.8322464190055,-30.4745615189207,-30.4745615189207
"285","F31","I",563.23,494.035,69.195,12.2853896276832,14.0060926857409,12.2853896276832
"286","F31","I",404.01,494.035,-90.025,-22.2828642855375,-18.2223931502829,-18.2223931502829
"287","F31","I",432.2,494.035,-61.835,-14.3070337806571,-12.5163196939488,-12.5163196939488
"288","F31","I",528.67,494.035,34.6350000000001,6.55134583010197,7.0106368981955,6.55134583010197
"289","F31","I",418.34,494.035,-75.6949999999999,-18.0941339580245,-15.321788942079,-15.321788942079
"290","F31","I",641.4,494.035,147.365,22.9755222949797,29.8288582792717,22.9755222949797
"291","F33","I",352.1,348.745714285714,3.35428571428577,0.952651438308938,0.961814174879794,0.952651438308938
"292","F33","I",425.71,348.745714285714,76.9642857142858,18.0790410641718,22.0688835909914,18.0790410641718
"293","F33","I",448.16,348.745714285714,99.4142857142857,22.1827663589534,28.5062386839367,22.1827663589534
"294","F33","I",390.46,348.745714285714,41.7142857142857,10.6833697982599,11.9612324985048,10.6833697982599
"295","F33","I",349,348.745714285714,0.254285714285743,0.0728612361850289,0.0729143624908835,0.0728612361850289
"296","F33","I",426.77,348.745714285714,78.0242857142857,18.2825141678857,22.3728299784534,18.2825141678857
"297","F33","I",421.69,348.745714285714,72.9442857142857,17.2980828841769,20.9161812536355,17.2980828841769
"298","F33","I",282.76,348.745714285714,-65.9857142857143,-23.3362973142291,-18.9208674351349,-18.9208674351349
"299","F34","I",470.65,554.3325,-83.6825,-17.7801975990651,-15.0960840289898,-15.0960840289898
"300","F34","I",503.91,554.3325,-50.4225,-10.0062511162708,-9.09607500913261,-9.09607500913261
"301","F34","I",574.3,554.3325,19.9675,3.47684137210517,3.60207997907394,3.47684137210517
"302","F34","I",587.31,554.3325,32.9775000000001,5.61500740665067,5.94904682658874,5.61500740665067
"303","F34","I",364.12,554.3325,-190.2125,-52.2389596836208,-34.3137918126756,-34.3137918126756
"304","F34","I",569.14,554.3325,14.8075,2.60173243841586,2.67123071441779,2.60173243841586
"305","F34","I",587.29,554.3325,32.9575,5.61179315159461,5.94543888370247,5.61179315159461
"306","F34","I",443.99,554.3325,-110.3425,-24.8524741548233,-19.9054718963799,-19.9054718963799
"307","F36","I",539.9,501.405714285714,38.4942857142857,7.12989177890085,7.67727303808721,7.12989177890085
"308","F36","I",436.93,501.405714285714,-64.4757142857143,-14.7565317752762,-12.8589907232239,-12.8589907232239
"309","F36","I",437.25,501.405714285714,-64.1557142857143,-14.672547578208,-12.7951701502063,-12.7951701502063
"310","F36","I",629.09,501.405714285714,127.684285714286,20.2966643428263,25.465263373829,20.2966643428263
"311","F36","I",352.74,501.405714285714,-148.665714285714,-42.145975587037,-29.6497846055661,-29.6497846055661
"312","F36","I",558.34,501.405714285714,56.9342857142856,10.1970637450811,11.3549335582249,10.1970637450811
"313","F36","I",403.89,501.405714285714,-97.5157142857143,-24.1441269369666,-19.4484648872883,-19.4484648872883
"314","F36","I",460.63,501.405714285714,-40.7757142857143,-8.8521621009735,-8.13227953410982,-8.13227953410982
"315","F37","I",253.77,362.6275,-108.8575,-42.8961264136817,-30.0190967314944,-30.0190967314944
"316","F37","I",254.13,362.6275,-108.4975,-42.6937000747649,-29.9198213042309,-29.9198213042309
"317","F37","I",296.54,362.6275,-66.0875,-22.286200849801,-18.2246244424375,-18.2246244424375
"318","F37","I",291.62,362.6275,-71.0075,-24.3493244633427,-19.5813886150388,-19.5813886150388
"319","F37","I",340.85,362.6275,-21.7775,-6.38917412351474,-6.00547393675327,-6.00547393675327
"320","F37","I",352.95,362.6275,-9.67749999999995,-2.74188978608867,-2.66871652039626,-2.66871652039626
"321","F37","I",228.96,362.6275,-133.6675,-58.380284765898,-36.860828260405,-36.860828260405
"322","F48","I",367.63,571.699828571429,-204.069828571429,-55.5095690154309,-35.6952754527426,-35.6952754527426
"323","F48","I",705.11,571.699828571429,133.410171428571,18.9204764403528,23.3357025420033,18.9204764403528
"324","F48","I",345.0351,571.699828571429,-226.664728571429,-65.6932377521674,-39.6475068285085,-39.6475068285085
"325","F48","I",375.4,571.699828571429,-196.299828571429,-52.2908440520588,-34.3361706198068,-34.3361706198068
"326","F48","I",449.5276,571.699828571429,-122.172228571429,-27.1779148980905,-21.3699956630587,-21.3699956630587
"327","F48","I",395.47,571.699828571429,-176.229828571429,-44.5621231879608,-30.8255870938066,-30.8255870938066
"328","F48","I",588.6282,571.699828571429,16.9283714285714,2.87590221273316,2.96105938510989,2.87590221273316
"329","F52","I",420,557.43875,-137.43875,-32.7235119047619,-24.6553993600194,-24.6553993600194
"330","F52","I",545.5,557.43875,-11.93875,-2.18858845096241,-2.14171512116803,-2.14171512116803
"331","F52","I",509.16,557.43875,-48.2787500000001,-9.48203904470109,-8.66081699558922,-8.66081699558922
"332","F52","I",486.17,557.43875,-71.2687500000001,-14.6592241397042,-12.7850369210967,-12.7850369210967
"333","F52","I",490.89,557.43875,-66.54875,-13.5567540589542,-11.9383071234284,-11.9383071234284
"334","F52","I",553.65,557.43875,-3.78875000000005,-0.684322225232559,-0.679671084939837,-0.679671084939837
"335","F52","I",514.46,557.43875,-42.97875,-8.35414803872021,-7.71003989227516,-7.71003989227516
"336","F52","I",600.65,557.43875,43.21125,7.19408141180388,7.75174851048657,7.19408141180388
"337","F53","I",379.16,588.618333333333,-209.458333333333,-55.2427295424975,-35.5847450668373,-35.5847450668373
"338","F53","I",339.5108,588.618333333333,-249.107533333333,-73.3724916360049,-42.3207228226553,-42.3207228226553
"339","F53","I",373.9735,588.618333333333,-214.644833333333,-57.395733476659,-36.465876303547,-36.465876303547
"340","F53","I",444.8,588.618333333333,-143.818333333333,-32.3332583932854,-24.433206576984,-24.433206576984
"341","F53","I",571.42,588.618333333333,-17.1983333333334,-3.00975347963555,-2.92181407873241,-2.92181407873241
"342","F53","I",580.2875,588.618333333333,-8.33083333333332,-1.43563894333987,-1.41532005742261,-1.41532005742261
"343","F57","I",442.64,715.92875,-273.28875,-61.7406357310682,-38.1726184344462,-38.1726184344462
"344","F57","I",882.9,715.92875,166.97125,18.9116830898177,23.3223278154425,18.9116830898177
"345","F57","I",489.83,715.92875,-226.09875,-46.158616254619,-31.5811803898083,-31.5811803898083
"346","F57","I",750.27,715.92875,34.3412499999999,4.57718554653658,4.79674129583425,4.57718554653658
"347","F57","I",610.97,715.92875,-104.95875,-17.1790349771675,-14.6605021798608,-14.6605021798608
"348","F57","I",552.81,715.92875,-163.11875,-29.507199580326,-22.7842156080476,-22.7842156080476
"349","F57","I",424.81,715.92875,-291.11875,-68.5291659800852,-40.6630897278535,-40.6630897278535
"350","F57","I",615.68,715.92875,-100.24875,-16.2826062240125,-14.0026154837335,-14.0026154837335
"351","F61","I",217.07,363.336666666667,-146.266666666667,-67.3822576434637,-40.2565114081522,-40.2565114081522
"352","F61","I",245.4752,363.336666666667,-117.861466666667,-48.0135943128539,-32.4386381776314,-32.4386381776314
"353","F61","I",232.3384,363.336666666667,-130.998266666667,-56.3825293910377,-36.0542380345134,-36.0542380345134
"354","F61","I",176.4696,363.336666666667,-186.867066666667,-105.89193077259,-51.4308309098082,-51.4308309098082
"355","F61","I",244.2248,363.336666666667,-119.111866666667,-48.7714051425845,-32.7827818093412,-32.7827818093412
"356","F61","I",246.1612,363.336666666667,-117.175466666667,-47.6011112501347,-32.2498325703434,-32.2498325703434
"357","F61","I",215.04,363.336666666667,-148.296666666667,-68.9623635912698,-40.8152218786984,-40.8152218786984
"358","F61","I",151.904,363.336666666667,-211.432666666667,-139.188347026192,-58.1919431931817,-58.1919431931817
"359","F62","I",373.71,414.139471428571,-40.4294714285714,-10.8184077034522,-9.76228401729258,-9.76228401729258
"360","F62","I",186.4,414.139471428571,-227.739471428571,-122.17782801962,-54.9910083776815,-54.9910083776815
"361","F62","I",359.43,414.139471428571,-54.7094714285714,-15.2211755915119,-13.2103977531655,-13.2103977531655
"362","F62","I",364.31,414.139471428571,-49.8294714285714,-13.6777665802672,-12.0320507621949,-12.0320507621949
"363","F62","I",541.4,414.139471428571,127.260528571429,23.5058235263075,30.728905924481,23.5058235263075
"364","F62","I",470.12,414.139471428571,55.9805285714286,11.9077104933695,13.5173129907961,11.9077104933695
"365","F62","I",506.84,414.139471428571,92.7005285714285,18.2898998838743,22.383891168755,18.2898998838743
"366","F62","I",411.07,414.139471428571,-3.06947142857143,-0.746702855613757,-0.74116852904248,-0.74116852904248
"367","F63","I",1153.24,1126.8975,26.3425,2.28421664180916,2.33761278199658,2.28421664180916
"368","F63","I",1044.83,1126.8975,-82.0675000000001,-7.85462706851834,-7.28260556084295,-7.28260556084295
"369","F63","I",1052.31,1126.8975,-74.5875000000001,-7.08797787724151,-6.61883622955949,-6.61883622955949
"370","F63","I",1020.4,1126.8975,-106.4975,-10.436838494708,-9.45050459336364,-9.45050459336364
"371","F63","I",958.94,1126.8975,-167.9575,-17.5149122989968,-14.9044167725991,-14.9044167725991
"372","F63","I",933.34,1126.8975,-193.5575,-20.7381554417468,-17.1761406871521,-17.1761406871521
"373","F63","I",997.77,1126.8975,-129.1275,-12.9416097898313,-11.4586730381423,-11.4586730381423
"374","F63","I",893.47,1126.8975,-233.4275,-26.1259471498763,-20.7141732056376,-20.7141732056376
"375","F64","I",411.87,294.6503125,117.2196875,28.4603606720567,39.7826448936822,28.4603606720567
"376","F64","I",290.04,294.6503125,-4.61031250000002,-1.58954368362985,-1.56467253025568,-1.56467253025568
"377","F64","I",239.416,294.6503125,-55.2343125,-23.0704349333378,-18.7457165856561,-18.7457165856561
"378","F64","I",282.85,294.6503125,-11.8003125,-4.17193300335865,-4.00485321053239,-4.00485321053239
"379","F64","I",290.838,294.6503125,-3.81231250000002,-1.31080274929687,-1.29384301942663,-1.29384301942663
